Index in Tokenizer,Token
181081, 微信公众号天天中彩票
185118,_日本毛片免费视频观看
177431,给主人留下些什么吧
170996, 微信上的天天中彩票
154809,无码不卡高清免费v
187716, 微信里的天天中彩票
188394, 天天中彩票大神推荐
128031,久久免费热在线精品
113125,大发展有限公司官网
160229, 天天中彩票是不是
187980, 天天中彩票公众号
162877,毛片高清免费视频
46669, 天天中彩票app
148388, 微信的天天中彩票
148502, 天天彩票与你同行
135504,公众号天天中彩票
128309, 天天爱彩票app
184969,_日本一级特黄大片
194217, 全民彩票天天送钱
193825,中国特色社会主义
55935, 彩神争霸大发快三
181679, qq的天天中彩票
182292, 天天中彩票APP
89409,免费视频在线观看
153710, 天天中彩票一等奖
155288, 手机上天天中彩票
135234,最新高清无码专区
154365, 天天中彩票中奖了
187822, 大发快三开奖结果
122333,无码不卡高清免费
116852, 中国福利彩票天天
118406, 天天中彩票为什么
172750, 大发快三大小单双
115205, 天天中彩票不中返
173607, 彩神争霸官方下载
94212, 天天中彩票双色球
197144, 手机版天天中彩票
144364, 天天中彩票nba
165019, 天天中彩票怎么买
122712,无码一区二区三区
75794, 天天中彩票中大奖
187810,在线观看中文字幕
176039,精品一区二区三区
198170,av不卡免费播放
198105, 天天中彩票不能买
125694,毛片免费视频观看
152887, 天天中彩票开奖
88493, 天天中彩票篮球
187158, 天天爱彩票网站
151112, 全民彩票天天送
49649, 彩神争霸邀请码
185991, 高频彩大发快三
186348, 大发快三是什么
150771, 彩神争霸电脑版
145836, 天天爱彩票中奖
149168, 大发时时彩怎么
148997, 天天中彩票无法
134796, 天天中彩票实名
180651, 天天中彩票网络
86083, 腾讯天天中彩票
78782, 天天中彩票如何
170965, 天天爱彩票提现
173182, 天天中彩票qq
71311, qq天天中彩票
165024, 海南天天中彩票
175060, 天天大奖彩票站
75025, 天天中彩票可以
75028, 天天中彩票足球
164429, 天天中彩票官方
177337, 天天彩票中大奖
77143, 天天中彩票追号
177861, 天天中彩票人工
178030, 天天中彩票任选
78893, 天天中彩票软件
155368, 福利彩票天天彩
160348, 天天中彩票在哪
160267, 天天中彩票网站
79752, 天天中彩票不能
160131, 大发快三是不是
80495, 彩神争霸app
160029, 大发快三是国家
187516, 大发快三走势图
81394, 手机天天中彩票
158384, 天天中彩票这个
53542, 天天中彩票微信
83407, 天天中彩票中了
182584,热这里只有精品
187308, 天天中彩票出票
94064, 天天中彩票大奖
123662, 天天中彩票提款
35705, 微信天天中彩票
134950, 天天中彩票怎样
34755, 天天中彩票提现
107055, 彩神争霸怎么样
101224, 天天彩票app
134370,一本道高清无码
123841, 彩神争霸大发快
197077, 天天中彩票充值
196894, 天天中彩票腾讯
191179, 大发快三怎么看
102317, 天天中彩票官网
128600, 大发时时彩计划
134156, 天天中彩票公司
133517, 天天中彩票投注
196469, 天天中彩票彩金
193339,彩彩票与你同行
104796, 天天中彩票足彩
129032,高清毛片在线看
194062, 彩神争霸是不是
26064, 天天中彩票怎么
135161, 大发时时彩开奖
194489,夫妻性生活影片
116381, 天天中彩票派奖
120521, 天天爱彩票怎么
138985,下载安装到手机
136840,久久综合久久爱
40492, 天天中彩票中奖
138053, 天天中彩票有人
107781,在线观看视频
78249, 大发彩票官网
70506, 彩神争霸大发
170426, 大发快三如何
119247, 北京赛车开奖
161007, 北京赛车如何
170835, 北京赛车女郎
114332,电影在线观看
128805,开奖结果查询
70743,有限公司官网
129350, 彩神争霸平台
117123, 彩神争霸苹果
129515, 彩神争霸代理
117836,免费资料大全
160238, 北京赛车微信
162657,毛片免费观看
128539,在线观看免费
162772, 大发彩票快三
168647, 天天送钱彩票
113915, 北京赛车计划
74929, 大发时时彩是
166783, 一级a做爰片
122156,下载彩神争霸
72472, 天天爱彩票是
166895, 天天中彩票被
167551, 彩神争霸充值
114900,最新高清无码
126418,无码中文字幕
127753, 天天中彩票上
120154, 天天中彩票和
164366, 天天中彩票会
70805, 福利彩票天天
115319, 大发快三和值
74665, 北京赛车pk
95565, 大发快三怎么
132560,久久国产视频
106222, 彩神争霸提现
89721,这里只有精品
99813, 大发快三开奖
136533, 大发快三计划
99547, 全民彩票天天
136710,免费观看视频
92219,和天天中彩票
146082,棋牌游戏官网
144879, 大发快三豹子
144785, 彩神争霸快三
97295, 天天中彩票买
143802, 大发快三官网
143226, 生命周期函数
171321, 天天中彩票未
138225,开奖现场直播
138258,在线视频观看
141777, 重庆时时彩的
140893,留下些什么吧
95335,一级特黄大片
140166,彩票平台注册
95376,视频在线播放
135323,不卡免费播放
101019, 天天彩票怎么
131436, 彩神争霸可以
89373, 天天中奖彩票
81094, 天天彩票中奖
159659, 天天彩票提现
131991, 北京pk赛车
105303,在天天中彩票
139045, 天天中彩票不
104937, 北京赛车怎么
83405, 彩神争霸官网
104372,彩票大发快三
134038,高清免费视频
156153, 彩神争霸网站
102670,免费视频观看
155188, 彩神争霸下载
86060, 天天中彩票网
86301,视频免费观看
134263, 微信天天彩票
101303, 大发游戏官网
153589, 天天中彩票粤
88128, 大发快三彩票
153033, 手机天天彩票
171117, 北京赛车冠军
160344, 中国福利彩票
186005,网站免费观看
177689,免费在线观看
179880,娱乐平台招商
189467, 亚洲男人天堂
178597, 久久精品国产
178257, 天天中彩票谁
191383, 体育彩票天天
32023, 天天中彩票中
31385,视频在线观看
180407,彩票平台招商
30315, 天天中彩票是
176360,高清视频免费
195091,在线视频精品
196638, 天天彩票软件
175645,中文字幕无码
196834,黄色录像影片
36308,的天天中彩票
188772,买天天中彩票
196917,娱乐彩票注册
52633, 彩神争霸怎么
184525, 天天中彩票在
184694,久久综合久久
184003,人片在线观看
184811,彩网大发快三
51693, 天天中彩票的
45876, 天天中彩票有
186409, 彩神争霸安卓
180574,免费人成视频
182251,高清在线观看
186863,手机在线观看
181188, 彩神争霸破解
187784, 重庆时时彩杀
188009, 彩神争霸如何
180660,中文字幕在线
174695, 彩神争霸官方
34342,一区二区三区
173342,娱乐平台注册
172636, 彩神争霸输钱
198041,娱乐平台主管
199166,娱乐平台开户
198332,在线精品视频
199053, 北京赛车投注
174322,娱乐官方网站
198989, 重庆时时彩彩
199143,彩票娱乐注册
199630, 天天乐购彩票
66799, 天天中彩票能
199943,彩票平台开户
114062,时时彩官网
187751,总代理联系
140892,留下些什么
42782, 腾讯分分彩
96061,客户端下载
187540, 日本一本道
186749,软件合法吗
40266, 天天买彩票
137369, 北京赛车前
137002, 彩神争霸高
7147,重庆时时彩
127733, 玩彩神争霸
143198,是真的假的
186647, 申博太阳城
119342,大香蕉伊人
184416,新能源汽车
152523,的天天彩票
152476,可以提现吗
149361, 北京赛车群
149158,的棋牌游戏
185064,彩票总代理
185184, 天天送彩票
143154,彩票app
46373, 大发快三是
92481, 菲律宾申博
185946,波多野结衣
185996,平台可靠吗
115584,彩彩票平台
120958,手机版下载
136994,彩彩票娱乐
11301, 天天爱彩票
98909, 彩神争霸的
109993, 天天彩票是
124945,娱乐总代理
104170, 玩大发快三
104578, 大发分分彩
132455, 彩票天天乐
193605,解绑银行卡
131402,手机客户端
125367, 北京赛车女
194996,网址是多少
197770,热久久精品
107417,下载安装到
129320,彩娱乐彩票
195213, 大发彩票网
125946, 北京赛车有
109323, 大发快三的
126655,不了怎么办
103643,男人的天堂
124870,大奖彩票站
196877, 人人中彩票
124420, 大发快三有
188092, 天天种彩票
12284, 大发时时彩
188604,bet体育
122234, 玩北京赛车
136303, 天天购彩票
189234,时时彩计划
122693, 北京赛车的
189252,是合法的吗
123536,是正规的吗
189302,片在线播放
124247,久久久久久
2783, 天天中彩票
101241, 彩神争霸快
134329,植物百科通
50020, 彩神争霸是
88200,彩娱乐平台
117448,热在线精品
157011,市场部联系
175988,手机版官网
173028,这里只精品
155545,彩大发快三
167732,在线大香蕉
53179, 天天赢彩票
63881,片在线观看
167278, 北京赛车开
157965, 亚历山大发
81506, 天天乐彩票
164608, 新天天彩票
180538,人人爽人人
170040, 香港赛马会
179951,微信公众号
79836,bet官网
75874, 香港六合彩
177350,夫妻性生活
58814,时时彩平台
177530,人人摸人人
87897,期开奖结果
177625,久久综合网
59859,app下载
69642,凤凰大参考
77511, 彩神争霸能
86588,是什么意思
87742,时时彩开奖
67947, 彩神争霸有
51944, 天天彩票网
184241, 北京赛车能
153683,分分彩计划
170421,天天好彩票
153443,平台总代理
164802,骗局揭秘
199612,经典三级
119020,相关文章
195170,猜你喜欢
119022,早点加盟
119170,视频网站
199070,官网登录
195391,发布日期
195452,免责声明
175294,伦理电影
174916,娱乐网站
128187,更新时间
128117,一肖中特
174505,期开什么
197566,天天中奖
199558,博彩公司
175647,北京时间
195085,还是假的
129529,历山大发
132412,无码视频
133333,是多少钱
163480,微信零钱
133079,预测软件
193404,综合在线
164015,以下简称
193592, 全民彩票
199760,微软雅黑
171917,自拍视频
164084, 老时时彩
127294,中文无码
132318,人工计划
132299,A级毛片
193746,中了大奖
194446,多久到账
118965,高清毛片
164459,怎么下载
130531,，同比增长
129897,偷拍视频
165349, ag真人
166260, 大发游戏
127176,在线av
121300,能提现吗
119963,什么意思
122421, 天天送钱
198872,免费无码
170263,営業時間
172903,中国特色
172813, 亚洲av
122067,客服联系
121795, 国产成人
121224,彩票开奖
167951,棋牌官网
121143,不能为空
121138,“一带一路
198961,只有精品
169047,哪个公司
169312,相关新闻
120036, 大发极速
169449, 重庆时时
120426,多野结衣
122516, 开元棋牌
198590,不卡无码
197727,最新评论
119789,在线看片
166311,先锋影音
172676,联系客服
126169,免费网站
166427,国际彩票
166703, 上海天天
174480,AV在线
125139,彩票网址
173889,网页登录
167426,手游官网
122985, 大发pk
193298,东方心经
167519,服务热线
167521,公开视频
123912,文章来源
172785,関連記事
123788,亚洲综合
173782,仕事内容
123206,彩票下载
184345,手机下载
134175,是真是假
133630,集团官网
185998,日韩欧美
185659,变态另类
145507,免费资料
145059,数据显示
185880,成人视频
183705,图片大全
144412,天天好彩
155093,免费高清
144147,官方网址
183511, 大发娱乐
182867,综合色啪
154891,投注技巧
143138,监听页面
142755,在线不卡
142555,个百分点
171120,鲁夜夜啪
155706,投注平台
141959,平特一肖
141295,无码高清
186726,地产官网
182300,丁香五月
183842,在哪里买
185577, 极速赛车
140314,娱乐赚钱
184805,色综合网
152580,免费提现
184515,最新网址
153081,视频大全
152144,偷拍自拍
151934, pc蛋蛋
184597,高清在线
151094,亚洲日韩
184747,永久免费
149794,在线国产
149462,国产综合
147008,无码AV
153964,的邀请码
183960,游戏下载
149095,相关阅读
149001,骗人的吗
154546,成人电影
185282,微信提现
148081,了一等奖
147298,大香蕉网
147297,在線觀看
156951,体育官网
186831,娱乐登陆
192795,红黑大战
134754,不能提现
188700,大香线蕉
160108,网址大全
179947, 网易彩票
179843,助赢软件
135022,体育在线
178983,彩票登录
134836,代理娱乐
189941,米奇影视
178107,手机官网
190203,无码亚洲
136572,手机看片
190316,大小规律
161748, 手机上的
162052,天空彩票
190827,相关推荐
134222,植物百科
162517,发表评论
134164,av无码
177766,查看更多
192700, 大发棋牌
160030,专题推荐
159878, 苹果手机
139863,综合久久
158633,中心官网
157467,精准计划
139796,在线计划
157521,在线试听
139691,开户注册
139104,娱乐下载
187678, qq彩票
139007, 亚洲人成
138549,是否合法
158559,中文日韩
187791,超碰在线
136751,竞彩足球
138134,全天计划
158785, 欧美日韩
137324,官网娱乐
137050,AV无码
159524,线上娱乐
181090,是真的么
180880,自拍偷拍
159747,彩票计划
136829,彩票代理
171886, 大发扑克
199969,av电影
75738,大神推荐
44319,开户地址
107906,国产自拍
107815,早餐加盟
77398,彩票招商
68796,游戏平台
107747,五月婷婷
107564,福利视频
45029,注册地址
45709,注册链接
107218,备用网址
45887,精品国产
45963,视频在线
107156,免费人成
92833,娱乐代理
77283,久久精品
76304,中奖彩票
77712,正规的吗
95190,彩票主管
48811,高清无码
43482,注册网址
90705,彩票总代
90716,实名认证
79103,平台直属
98760,官网下载
69216,体育投注
39213,娱乐注册
78708,平台开户
91442, 亚洲欧美
69462,娱乐招商
62333,分时时彩
42145,开户网址
92134,娱乐开号
42999,开户链接
78698,开奖直播
95264,彩票开号
47655,计划软件
99494, 亚洲AV
34844,精品视频
53596,开号网址
59118,久久综合
104069,无码av
58610,视频免费
103100, 快三大发
72066,这里只有
103083,久久免费
54400,娱乐官网
102647,五月丁香
54466, 神彩争霸
56377,招商主管
101799,最新地址
101270,AV视频
56442,送料無料
57260,开号地址
71694,免费播放
53747,开号链接
104658, 时时彩后
93151,久久国产
53332, 国产精品
75194,无码不卡
49762,游戏官网
99958,亚洲精品
73731, 幸运飞艇
51174,发布时间
51583,奇米影视
93549,平台官网
93625,午夜福利
105541,合法的吗
52204,久久久久
94947,彩票直属
105094,ICP备
61762,在线精品
60025,北京pk
72587, 大发官网
79695,彩票开户
63060,彩票注册
79871,娱乐直属
20585,免费观看
88144,平台主管
95512,平台代理
22640, 彩经彩票
66103,官方下载
22754,彩票天天
65767,彩票官网
114834,娱乐网址
65017,娱乐开户
113797,彩票网站
88375,软件下载
88614,男人天堂
97291,高清视频
113702,电影网站
34651,棋牌游戏
97399,怎么领奖
84785,大小单双
87174, 香港马会
113672,怎么领取
19903,开奖结果
116964,婷婷五月
86518,真的假的
3847,彩神争霸
116961,视频精品
4757, 北京赛车
6786, 大发快三
7508, 天天彩票
9499,在线观看
116419,阅读全文
116320, 亚洲国产
86181,国际娱乐
87101,平台总代
66943,心水论坛
17661,娱乐平台
19850,彩票平台
24383,一区二区
23202,娱乐彩票
63853,开奖记录
112057,娱乐国际
32064,影音先锋
111934,免费下载
63839,客服电话
63642,高清免费
111701,娱乐登录
81406,娱乐主管
98600,手机在线
80938,开奖现场
110595,一级毛片
80649,购彩平台
80139,平台开号
110072,亚洲视频
63612,平台注册
34601,是真的吗
109796,日韩在线
95338,当前位置
71096,平台招商
31034, 大发彩票
112874,联系我们
82956,什么时候
82873,一级特黄
27117,彩票娱乐
81699,购彩官网
89467,高手论坛
113169,招商总代
82385,无码专区
64636,与你同行
64339,资料大全
113480,官网开户
89019,娱乐总代
169189,前年差
170545, 天天彩
70754,的彩票
168698,中央値
69934,网页版
169510,的发展
170076,年以上
169319,这样的
170534,的信息
170476, 香港六
69079,可信吗
170029,直营网
169257,狠狠干
69622,凤凰大
163496,的平台
168095,派奖中
71247,qq群
160163,AV片
159661, 天天众
159171,定位胆
159164,骗局吗
159071,靠谱么
81529, 微信上
81859,分pk
158383,期香港
156988,不了了
83360,做爰片
156669,转载请
156308,犯法吗
156213,大发电
156175,炸金花
155930,我们的
155513,打一肖
85278,苹果版
86215,大发展
154558,被冻结
160842,多少期
160999,电玩城
161118,分钟前
164805,副书记
71767,综合色
72178,资源站
166790,官网吗
166497,靠谱不
73355,怎么买
166183,前年比
165287,日日啪
165166,的重要
117072, 微信里
161690,二分彩
164542,共中央
76891,微信群
163846,天天射
77574,俺去也
78196,级毛片
78693,注册送
162020,怎么算
161876,能提现
68867,蜘蛛词
179722,福彩快
68535,购彩票
189936,开什么
192054,一本到
191801,期资料
191344,期必中
191235,不知道
191083, 澳门新
191014,族自治
190882,开奖号
33895,彩平台
190547,d天天
190330,最大的
190148,期六合
189747,年以来
68193,部联系
189599,俺也去
35620, 大发快
36170,彩娱乐
37245,彩彩票
39050,综合网
188414,老熟妇
39687, 北京快
39912,怎么玩
39953,靠谱吗
40305,在哪里
42930,赢彩票
192452,色视频
192572,程序集
31689,合法吗
192789,中文字
3634,时时彩
199430,进行了
9959,爱彩票
198711,据了解
198669,能买吗
15319,分分彩
19987,经彩票
20827,五分彩
22385,买彩票
196780,州扑克
196577, 痞客邦
196279,了解到
196260,盈彩票
195854,刷流水
195687,彩注册
195615,叫什么
22810,邀请码
195305,的天天
25923,是什么
26012,一本道
26618,手机版
26989, 江苏快
27392,大香蕉
187391,不卡的
43374,久久爱
187089,网彩票
180623,自产拍
179470,在那里
179324,哪里的
58312,老司机
178417,骗人的
178380,报记者
178335,不到账
61441,正规吗
177335,正规的
177322,中奖了
177151,工作的
176950,旗舰厅
176738,给主人
176509,小时前
176246, qq上
176176,不中反
175828,做代理
62791,送彩金
175000,忘初心
173560,免费线
64997,怎么看
65172,交流群
171574,上一篇
67466,不中返
154263,彩票吗
181361,个平台
44440,安全吗
181632,的软件
186763,家公司
44612,提现吗
44620,怎么领
186012,天天看
46184,乐彩票
185856,饰官网
185485,俺去啦
47420,可靠吗
48848,电脑版
49198,是真的
184674,码中特
49686,色综合
184379,QQ群
50462,第四色
183851,的数据
51990,彩争霸
183605,狠狠爱
52233,是多少
183126,日消息
183019,彩在线
182856,一级片
182772,合法么
54029,公众号
86532,久久久
2314,中彩票
134690,啪啪啪
123297,钱怎么
136979,黄网站
112292,赚钱吗
93503,请输入
144002,可以买
98617,人人爽
98566,发表于
123560,乱子伦
93699,空彩票
143964,天堂网
129629,久在线
111030, 天天送
110991,肖中特
110882,体验金
98174,一级a
144536,在线a
92999,带一路
92937,原标题
136894,百科通
130483,东京热
92518,彩票站
113014,人人操
146038,在人线
146134, 天天爱
121929,扫一扫
146277,违法吗
99365,元棋牌
146556,人人澡
147033,大奖吗
91030,免费看
147979,的方法
100024,计划网
143783, 亚洲成
107505,久久热
135400,些什么
108516,青青青
127621,不存在
108558,人人看
141374, 天天中
107924,跑狗图
141082,热视频
140689,d彩票
108107,博娱乐
93829,天天好
139050,此同时
95350, 投稿日
140157,的问题
127822,这里只
96195,山大发
139634,式会社
96593,计划群
108795,分享到
96635,尼斯人
138892,处理中
93954,安卓版
96719, 手机上
138534,免费的
142629,发展的
128779,勤務地
109386,官方群
93951,的网站
97812,自己的
138005,亚洲色
143041,真实吗
125924,图片区
93855,线观看
143195,机官网
148131,过程中
96447,公司的
119662,真的吗
87255,三分彩
132795,期开奖
150844,的网址
114936,天天啪
100680,有哪些
113981,夜夜啪
105173,现金网
120071,新时代
133394,re热
116142,的位置
152615,报道称
116022,分快三
90041,黑平台
120449,哪个好
133329,的时候
152675,天下彩
120329,人人碰
100560,人人摸
90397,有什么
101180,的视频
114914,多野结
119601,官网群
101877, 大发云
115843,七星彩
152184,请选择
86780,的天堂
148907,一分彩
153474,种彩票
101261,日下午
121198,玄机图
90606, 天天乐
119740,发彩票
132821,开奖吗
132244,黑大战
117137,日报道
100295,日上午
186347, 凯美
182398, 亿博
132910,安市
129184,你懂
182508, 鼎丰
45555,虎机
186391, 菲龙
186428,一卡
182341, 財布
184249,网赌
104560,多野
103027,山市
56878,俺去
180699, 银雀
187374, 乐多
55260,上的
102135,来的
187180,返品
181094,改单
181178,跑路
134026,歓迎
182082,映画
181560,扫码
128245,后的
133609, 博悦
128271,発売
128287,不上
107867,也是
129264,日晚
128749,真钱
44515,分快
107189,宁市
45813,人成
185041,週間
183653,特徴
48679,电竞
105540,営業
108400,仕事
130597,都会
130724, 多宝
131142, 我和
105550,阿v
184627,川県
105929,対応
105573,和彩
49860,律宾
49948,购彩
184397,狼人
51678, 亚游
131482,久热
131529,玖玖
131988,又爽
131976,了承
47668,看片
130132, 乐盈
53190,熟妇
185143, 东臣
182770, 趣赢
129473,吉林
132892, 日博
52872,A片
184286,的不
46190,安卓
106741,图区
46367,追号
46402,等奖
129900,在人
185439, 利盛
185317,子的
132640,動画
46916,特码
183247,线蕉
104990,这一
185214,用了
47110,的是
185174, 聚利
106260,快播
154297, 银航
43123,一肖
187643,客邦
196490,让我
114880,広告
196185,就在
196103, 爱赢
196007, 万亚
195781,六码
195729,句话
113788,家的
195669,中字
195597,専門
113780,玩吗
195421,入力
121351,解绑
195355, 皇轩
195322,性的
121372,平刷
195265,红姐
24368,自拍
121699,你的
195161,七码
24458,在哪
25906,超碰
195020,来越
121798,転載
194656,给吗
196723, 盈立
115275,胆拖
21288,是真
118451,実況
199880,年月
3775,彩神
117178,的小
116940,日時
4949,快三
118099,一扫
4974,官网
199153,三码
116540,我要
7089,分彩
118431,大香
116302,报码
20957,本道
15154, 微信
119314,年第
198478, 恒一
15766,的吗
115995,另一
18527,日韩
19393,一区
197980, 众鑫
197265,来也
20652,不卡
119958,登録
25959,总代
194358, 偽物
122138, 优博
108915,評価
109720,是谁
125371,休日
109696,一覧
125831,通販
109649,助赢
35415,单双
134637,的大
37043,和值
188914,返钱
188850, 优宝
109178,経験
188635,客様
109810,日起
39134,中特
126774,来了
126778,開催
39402,彩网
39652,登入
187995,三肖
108794,新的
41241,無料
41893,假的
127790,勒比
187652,对刷
125006,知乎
124708,色色
122158,回血
31576,人妻
113073,返信
28271,靠谱
193594,溪县
30129,申博
30656,奇米
30847,彩金
193317,买法
112451,了吗
193215,中色
193071,好了
192884,發布
122669,黑彩
124527,江县
112098, 新宝
122958,是一
192322,打一
192241,雅黑
192090, 帝景
123042,合彩
191899,爱的
112026,販売
191549, 乐亚
111730,予約
33731,马会
126019,牛牛
178236,强奷
56910,倍投
163368,井空
76430,阳县
145061,加坡
164285,后一
164273, 帝一
164189,六肖
76940,牲交
164044, 和盛
145150,丁目
163990,江市
163715, 和记
163632,割合
92291,游戲
163196,去了
167948,岁的
162867,玩的
162781,晒单
162689,楽天
146340, 东森
162595,必赢
162455,仕様
162243, 羽林
146768, 摩臣
147084,盘口
147503,平码
161431,伯温
78710,都是
144721,后二
164803,组六
144461,刷水
73815,中了
167775, 久赢
167593,聯系
93891,期开
71742,乐彩
72099,跑狗
167108,播播
166837,受付
166820,都有
166710,将在
72593,近平
166583, 帝苑
93654,不给
72930,到了
73315,税込
143920,定胆
166107, 杏彩
165986,组选
165805,応募
165649,是不
165468,组三
165401, 博众
73600,输了
165308,是在
143978, 合乐
165229,讯网
90863,中过
79082,万人
148132, 云鼎
89039,a片
83136,您的
152171, 百汇
156880,的钱
88999,曜日
156253, 亿贝
152647,彩堂
83490,竞彩
88225,検索
155896,河县
83767,买吗
155664, 伟德
155612,私彩
83843,为空
153022, 高登
155334, 宝盈
155305,爆乳
85264,人気
155198,出了
85724,网投
155010,杀码
86919,阳市
154864, 博猫
154666,水县
153935, 世爵
86705,始化
157153,川县
151529,后三
79456,必中
89480,选五
160250, 乐购
160241,代引
148850, 安迪
90630,日至
80221,噜噜
90486,微博
80885,関連
159780, 奥门
81150, 名前
159669, 谁有
90100,恐縮
81246,到账
89965,返点
89696,党的
150625,利来
89616,选四
158637,平县
150840,朗普
158611, 心博
158565,出的
82008,平特
150851, 易购
158271,人在
158189, 仲博
158165,点赞
167895, 至尚
168043,猜你
57642,派奖
177116,店舗
178148,盒彩
135272,又黄
58771,线上
178002,月至
59176,了一
59549,特黄
59760,手游
135398,这是
61448,与你
135559,強奸
136256, 万博
99587,是假
177107,日在
168082, 尚度
177005, 聚缘
136672,徒歩
99404,本网
176389,我是
61932,我的
176317, 亚豪
176283,昌县
99261,大的
98865,看的
62198,価格
136868,死人
175682,状態
178182,対象
178220, 一诺
154140,面的
58576,人的
180292,串一
180222,他的
180221,去哪
180073, 富利
57788,万円
58121,做爰
58159,中的
58202,乐透
179800,不起
179576,源县
101127,説明
179455, 蓝盾
179400, 红鼎
100909,城县
179320,前三
179151, 豪泰
100839, 秒速
178883, 天游
178810, 乐丰
178677,変更
178612,年至
58526,出票
100714,里的
178412,保証
178387, 尊尼
62634,的人
62667,贴吧
175525,予定
171124, 易乐
171084, 贝博
170979,独胆
139270,日讯
95707,発送
140386,合买
170414, 博牛
69455,好的
170233,的新
140773,开的
94952,上一
141738,彩乐
141827,給与
94421,中王
142151, 欧亿
70149,无遮
168947,缴情
168871,八码
168802, 泰皇
168780, 鸿丰
142281, 环亚
168680,俺也
168541, 乐友
168339, 久游
168131,是哪
168091,A级
96573,今回
171147,好吗
136963, 菲娱
171558, 明发
62817,久草
62855,杀号
137048,料金
174496,収納
137149,掲載
137292,胆码
174099,返水
173997, 诺果
64115,年的
173761,尔沁
64337,个月
137568,人与
173198,他说
64409,星彩
173070, 博凯
64579,的一
173005,主播
172849, 荣富
97118,马报
172772,假吗
65875,家婆
172289, 弘鼎
172228, 圣亚
66821, 狗万
171729, 天逸
116976, 博金
